dataset,method,sigma,psnr_mean,psnr_std,ssim_mean,ssim_std,runtime_mean_ms,runtime_median_ms,n_images
bsd68,BM3D_TAU,5,37.5324,1.7791,0.966856,0.012106,1452.791,1363.077,68
bsd68,BM3D_TAU,10,33.3063,2.1621,0.922526,0.030267,1425.56,1383.057,68
bsd68,BM3D_TAU,15,31.0396,2.3036,0.87923,0.047605,1403.114,1373.274,68
bsd68,BM3D_TAU,20,29.5155,2.3757,0.839866,0.057683,1424.902,1390.662,68
bsd68,BM3D_TAU,25,28.3695,2.4229,0.804177,0.063441,1417.415,1402.704,68
bsd68,BM3D_TAU,30,27.4511,2.4337,0.772672,0.069052,1417.415,1403.34,68
bsd68,BM3D_TAU,35,26.6803,2.4502,0.743563,0.073887,1416.054,1397.403,68
bsd68,BM3D_TAU,40,26.0134,2.4443,0.717468,0.078829,1428.798,1402.208,68
bsd68,BM3D_TAU,50,24.8911,2.4451,0.671475,0.089012,1435.495,1412.68,68
bsd68,BM3D_TAU,75,22.6434,2.396,0.582346,0.110644,1439.693,1404.066,68
bsd68,Gaussian_SciPy,5,25.8644,3.4536,0.746792,0.102903,2.222,2.136,68
bsd68,Gaussian_SciPy,10,25.7542,3.37,0.737019,0.09913,2.7,2.586,68
bsd68,Gaussian_SciPy,15,25.5781,3.2439,0.722015,0.093559,2.801,2.769,68
bsd68,Gaussian_SciPy,20,25.3437,3.0855,0.702606,0.087138,2.745,2.682,68
bsd68,Gaussian_SciPy,25,25.064,2.9116,0.680515,0.08014,2.779,2.706,68
bsd68,Gaussian_SciPy,30,24.7457,2.7307,0.65694,0.073659,2.699,2.614,68
bsd68,Gaussian_SciPy,35,24.406,2.566,0.632456,0.067665,2.687,2.725,68
bsd68,Gaussian_SciPy,40,24.0492,2.4088,0.608516,0.063334,2.665,2.614,68
bsd68,Gaussian_SciPy,50,23.3054,2.1328,0.561859,0.056805,2.848,2.818,68
bsd68,Gaussian_SciPy,75,21.4274,1.7066,0.46146,0.049476,2.725,2.665,68
bsd68,Median_SciPy,5,28.8802,3.7613,0.841869,0.067575,15.711,15.583,68
bsd68,Median_SciPy,10,27.9383,3.0923,0.786185,0.058141,16.138,15.902,68
bsd68,Median_SciPy,15,26.9003,2.5414,0.71971,0.056553,16.501,16.298,68
bsd68,Median_SciPy,20,25.8697,2.1151,0.653337,0.062791,16.367,16.21,68
bsd68,Median_SciPy,25,24.8932,1.7834,0.592635,0.070847,16.446,16.212,68
bsd68,Median_SciPy,30,23.9813,1.517,0.53935,0.078109,16.645,16.506,68
bsd68,Median_SciPy,35,23.1329,1.3164,0.492334,0.083289,16.59,16.4,68
bsd68,Median_SciPy,40,22.339,1.1463,0.451367,0.086806,16.422,16.346,68
bsd68,Median_SciPy,50,20.9146,0.9094,0.383309,0.088736,16.59,16.516,68
bsd68,Median_SciPy,75,18.1043,0.6036,0.270273,0.082843,16.415,16.346,68
bsd68,NLM_IPOL_Like,5,36.006,0.8755,0.916665,0.024914,2453.722,2429.748,68
bsd68,NLM_IPOL_Like,10,30.54,0.9278,0.825794,0.056061,2672.323,2649.53,68
bsd68,NLM_IPOL_Like,15,27.628,0.9329,0.721358,0.082002,2760.588,2733.215,68
bsd68,NLM_IPOL_Like,20,27.1543,1.5713,0.734791,0.063188,4215.318,4175.503,68
bsd68,NLM_IPOL_Like,25,25.9204,1.4709,0.674955,0.074416,4352.891,4317.084,68
bsd68,NLM_IPOL_Like,30,24.9376,1.358,0.624187,0.082846,4418.487,4396.714,68
bsd68,NLM_IPOL_Like,35,24.8584,1.6524,0.638404,0.063252,17883.05,17973.868,68
bsd68,NLM_IPOL_Like,40,24.2732,1.5626,0.605719,0.065792,18446.532,18527.624,68
bsd68,NLM_IPOL_Like,50,23.6528,1.833,0.589528,0.057496,28899.625,29008.506,68
bsd68,NLM_IPOL_Like,75,21.1391,2.1192,0.503864,0.101622,31580.864,31564.731,68
bsd68,NLM_Skimage_Fast,5,36.6161,1.5835,0.955933,0.01695,300.859,299.905,68
bsd68,NLM_Skimage_Fast,10,32.1008,1.9981,0.89158,0.040627,341.634,337.412,68
bsd68,NLM_Skimage_Fast,15,29.6844,2.1656,0.832315,0.052289,359.186,351.116,68
bsd68,NLM_Skimage_Fast,20,28.0735,2.2843,0.780456,0.060039,365.767,358.044,68
bsd68,NLM_Skimage_Fast,25,26.8619,2.3574,0.735027,0.067046,362.66,358.262,68
bsd68,NLM_Skimage_Fast,30,25.894,2.3766,0.695745,0.074048,362.325,358.452,68
bsd68,NLM_Skimage_Fast,35,25.0724,2.3915,0.660061,0.080442,365.424,357.596,68
bsd68,NLM_Skimage_Fast,40,24.3766,2.3944,0.62884,0.087114,358.567,354.186,68
bsd68,NLM_Skimage_Fast,50,23.169,2.3967,0.574697,0.099647,359.605,352.952,68
bsd68,NLM_Skimage_Fast,75,20.7652,2.4622,0.476644,0.131829,360.594,349.219,68
bsd68,Noisy,5,34.2288,0.1565,0.891465,0.049099,0.0,0.0,68
bsd68,Noisy,10,28.2618,0.2279,0.723061,0.10364,0.0,0.0,68
bsd68,Noisy,15,24.7945,0.2853,0.58993,0.12776,0.0,0.0,68
bsd68,Noisy,20,22.3518,0.3302,0.490875,0.133984,0.0,0.0,68
bsd68,Noisy,25,20.478,0.3533,0.415802,0.131816,0.0,0.0,68
bsd68,Noisy,30,18.9706,0.3759,0.357817,0.126136,0.0,0.0,68
bsd68,Noisy,35,17.7118,0.3878,0.311697,0.119005,0.0,0.0,68
bsd68,Noisy,40,16.6453,0.3971,0.274518,0.111214,0.0,0.0,68
bsd68,Noisy,50,14.9144,0.3988,0.218008,0.096104,0.0,0.0,68
bsd68,Noisy,75,12.0377,0.3308,0.136947,0.067547,0.0,0.0,68
